id,rt_id,name,block,house_number,email,created_at
bbbbbbbb-bbbb-bbbb-bbbb-bbbbbbbbbbb1,11111111-1111-1111-1111-111111111111,Budi Santoso,A,01,budi@example.com,2026-01-02 08:00:00
bbbbbbbb-bbbb-bbbb-bbbb-bbbbbbbbbbb2,11111111-1111-1111-1111-111111111111,Siti Aminah,A,02,siti@example.com,2026-01-02 08:00:00
bbbbbbbb-bbbb-bbbb-bbbb-bbbbbbbbbbb3,22222222-2222-2222-2222-222222222222,Andi Wijaya,B,01,andi@example.com,2026-01-02 08:00:00
bbbbbbbb-bbbb-bbbb-bbbb-bbbbbbbbbbb4,22222222-2222-2222-2222-222222222222,Rina Marlina,B,02,rina@example.com,2026-01-02 08:00:00
bbbbbbbb-bbbb-bbbb-bbbb-bbbbbbbbbbb5,33333333-3333-3333-3333-333333333333,Dedi Kurniawan,C,01,dedi@example.com,2026-01-02 08:00:00
bbbbbbbb-bbbb-bbbb-bbbb-bbbbbbbbbbb6,33333333-3333-3333-3333-333333333333,Maya Sari,C,02,maya@example.com,2026-01-02 08:00:00
bbbbbbbb-bbbb-bbbb-bbbb-bbbbbbbbbbb7,44444444-4444-4444-4444-444444444444,Fajar Nugraha,D,01,fajar@example.com,2026-01-02 08:00:00
bbbbbbbb-bbbb-bbbb-bbbb-bbbbbbbbbbb8,44444444-4444-4444-4444-444444444444,Lina Fitriani,D,02,lina@example.com,2026-01-02 08:00:00
bbbbbbbb-bbbb-bbbb-bbbb-bbbbbbbbbbb9,55555555-5555-5555-5555-555555555555,Rudi Hartono,E,01,rudi@example.com,2026-01-02 08:00:00
bbbbbbbb-bbbb-bbbb-bbbb-bbbbbbbbbb10,55555555-5555-5555-5555-555555555555,Nina Oktavia,E,02,nina@example.com,2026-01-02 08:00:00
bbbbbbbb-bbbb-bbbb-bbbb-bbbbbbbbbb11,11111111-1111-1111-1111-111111111111,Hendra Wijaya,A,03,hendra@example.com,2026-01-02 08:00:00
bbbbbbbb-bbbb-bbbb-bbbb-bbbbbbbbbb12,11111111-1111-1111-1111-111111111111,Dewi Rahayu,A,04,dewi@example.com,2026-01-02 08:00:00
bbbbbbbb-bbbb-bbbb-bbbb-bbbbbbbbbb13,11111111-1111-1111-1111-111111111111,Agus Setiawan,A,05,agus@example.com,2026-01-02 08:00:00
bbbbbbbb-bbbb-bbbb-bbbb-bbbbbbbbbb14,11111111-1111-1111-1111-111111111111,Fitri Handayani,A,06,fitri@example.com,2026-01-02 08:00:00
bbbbbbbb-bbbb-bbbb-bbbb-bbbbbbbbbb15,11111111-1111-1111-1111-111111111111,Bambang Supriyanto,A,07,bambang@example.com,2026-01-02 08:00:00
bbbbbbbb-bbbb-bbbb-bbbb-bbbbbbbbbb16,11111111-1111-1111-1111-111111111111,Sri Wahyuni,A,08,sri@example.com,2026-01-02 08:00:00
bbbbbbbb-bbbb-bbbb-bbbb-bbbbbbbbbb17,11111111-1111-1111-1111-111111111111,Wahyu Pratama,A,09,wahyu@example.com,2026-01-02 08:00:00
bbbbbbbb-bbbb-bbbb-bbbb-bbbbbbbbbb18,11111111-1111-1111-1111-111111111111,Eka Susanti,A,10,eka@example.com,2026-01-02 08:00:00
bbbbbbbb-bbbb-bbbb-bbbb-bbbbbbbbbb19,22222222-2222-2222-2222-222222222222,Teguh Santoso,B,03,teguh@example.com,2026-01-02 08:00:00
bbbbbbbb-bbbb-bbbb-bbbb-bbbbbbbbbb20,22222222-2222-2222-2222-222222222222,Yuni Astuti,B,04,yuni@example.com,2026-01-02 08:00:00
bbbbbbbb-bbbb-bbbb-bbbb-bbbbbbbbbb21,22222222-2222-2222-2222-222222222222,Dian Permata,B,05,dian@example.com,2026-01-02 08:00:00
bbbbbbbb-bbbb-bbbb-bbbb-bbbbbbbbbb22,22222222-2222-2222-2222-222222222222,Hadi Saputra,B,06,hadi@example.com,2026-01-02 08:00:00
bbbbbbbb-bbbb-bbbb-bbbb-bbbbbbbbbb23,22222222-2222-2222-2222-222222222222,Ratna Dewi,B,07,ratna@example.com,2026-01-02 08:00:00
bbbbbbbb-bbbb-bbbb-bbbb-bbbbbbbbbb24,22222222-2222-2222-2222-222222222222,Surya Atmaja,B,08,surya@example.com,2026-01-02 08:00:00