id,name,email,created_at
cccccccc-cccc-cccc-cccc-ccccccccccc1,Budi Santoso,budi@example.com,2026-01-03 08:00:00
cccccccc-cccc-cccc-cccc-ccccccccccc2,Siti Aminah,siti@example.com,2026-01-03 08:00:00
cccccccc-cccc-cccc-cccc-ccccccccccc3,Andi Wijaya,andi@example.com,2026-01-03 08:00:00
cccccccc-cccc-cccc-cccc-ccccccccccc4,Rina Marlina,rina@example.com,2026-01-03 08:00:00
cccccccc-cccc-cccc-cccc-ccccccccccc5,Dedi Kurniawan,dedi@example.com,2026-01-03 08:00:00
cccccccc-cccc-cccc-cccc-ccccccccccc6,Maya Sari,maya@example.com,2026-01-03 08:00:00
cccccccc-cccc-cccc-cccc-ccccccccccc7,Fajar Nugraha,fajar@example.com,2026-01-03 08:00:00
cccccccc-cccc-cccc-cccc-ccccccccccc8,Lina Fitriani,lina@example.com,2026-01-03 08:00:00
cccccccc-cccc-cccc-cccc-ccccccccccc9,Rudi Hartono,rudi@example.com,2026-01-03 08:00:00
cccccccc-cccc-cccc-cccc-cccccccccc10,Nina Oktavia,nina@example.com,2026-01-03 08:00:00
cccccccc-cccc-cccc-cccc-cccccccccc11,Hendra Wijaya,hendra@example.com,2026-01-03 08:00:00
cccccccc-cccc-cccc-cccc-cccccccccc12,Dewi Rahayu,dewi@example.com,2026-01-03 08:00:00
cccccccc-cccc-cccc-cccc-cccccccccc13,Teguh Santoso,teguh@example.com,2026-01-03 08:00:00
